Date,Close,Volume
2020-01-02,174.5,131274
2020-01-03,173.89999389648438,98287
2020-01-06,173.10000610351562,111974
2020-01-07,174.10000610351562,103102
2020-01-08,173.5,148720
2020-01-09,174.5,135546
2020-01-10,173.3000030517578,101560
2020-01-13,172.5,104585
2020-01-14,173.5,122554
2020-01-15,173.6999969482422,139787
2020-01-16,175.0,105901
2020-01-17,177.6999969482422,176924
2020-01-20,178.39999389648438,89307
2020-01-21,178.5,89038
2020-01-22,179.1999969482422,102928
2020-01-23,178.10000610351562,104771
2020-01-24,179.39999389648438,109964
2020-01-27,176.0,91639
2020-01-28,178.60000610351562,106098
2020-01-29,179.3000030517578,98094
2020-01-30,177.10000610351562,128552
2020-01-31,175.5,154745
2020-02-03,177.8000030517578,137368
2020-02-04,178.5,134395
2020-02-05,182.5,163267
2020-02-06,184.3999938964844,189880
2020-02-07,185.6999969482422,178054
2020-02-10,186.6000061035156,116254
2020-02-11,188.6000061035156,148727
2020-02-12,188.5,120990
2020-02-13,191.1999969482422,115534
2020-02-14,192.0,72136
2020-02-17,191.5,64514
2020-02-18,190.1999969482422,136541
2020-02-19,192.3999938964844,81271
2020-02-20,189.8999938964844,140025
2020-02-21,188.1999969482422,114663
2020-02-24,181.3000030517578,200343
2020-02-25,178.10000610351562,215363
2020-02-26,175.60000610351562,399146
2020-02-27,168.39999389648438,265723
2020-02-28,161.0,448759
2020-03-02,161.39999389648438,293878
2020-03-03,164.60000610351562,272319
2020-03-04,166.8000030517578,233189
2020-03-05,163.6999969482422,277600
2020-03-06,157.3000030517578,266052
2020-03-09,145.39999389648438,420659
2020-03-10,143.5,389096
2020-03-11,140.5,275072
2020-03-12,115.5,690341
2020-03-13,113.5999984741211,555003
2020-03-16,107.5,557437
2020-03-17,111.0,521791
2020-03-18,110.5,428761
2020-03-19,112.8000030517578,441311
2020-03-20,115.5999984741211,522121
2020-03-23,111.3000030517578,361367
2020-03-24,130.3000030517578,405333
2020-03-25,136.6999969482422,380961
2020-03-26,135.0,330056
2020-03-27,130.0,295350
2020-03-30,128.89999389648438,193902
2020-03-31,131.0,387256
2020-04-01,125.1999969482422,292290
2020-04-02,126.9000015258789,187116
2020-04-03,125.5,170624
2020-04-06,131.5,198927
2020-04-07,135.8000030517578,230550
2020-04-08,132.1999969482422,184666
2020-04-09,138.10000610351562,164032
2020-04-14,135.0,257643
2020-04-15,132.89999389648438,244201
2020-04-16,131.0,247028
2020-04-17,134.1999969482422,222442
2020-04-20,136.0,119502
2020-04-21,133.6999969482422,184366
2020-04-22,132.60000610351562,223561
2020-04-23,134.6999969482422,173978
2020-04-24,134.0,187369
2020-04-27,139.89999389648438,195307
2020-04-28,144.8000030517578,323634
2020-04-29,150.3000030517578,234143
2020-04-30,145.5,340883
2020-05-04,138.0,249485
2020-05-05,139.89999389648438,178111
2020-05-06,146.0,301509
2020-05-07,141.10000610351562,281878
2020-05-08,139.0,217903
2020-05-11,137.10000610351562,200475
2020-05-12,138.6999969482422,197770
2020-05-13,136.1999969482422,188747
2020-05-14,131.39999389648438,277071
2020-05-15,132.8000030517578,177859
2020-05-18,137.39999389648438,114161
2020-05-19,138.3000030517578,105665
2020-05-20,139.1999969482422,120897
2020-05-21,139.5,101704
2020-05-22,139.1999969482422,120963
2020-05-25,142.5,80527
2020-05-26,148.5,205926
2020-05-27,148.39999389648438,205624
2020-05-28,147.10000610351562,143448
2020-05-29,144.60000610351562,418424
2020-06-02,150.39999389648438,172979
2020-06-03,164.39999389648438,325338
2020-06-04,161.89999389648438,253535
2020-06-05,165.6999969482422,190642
2020-06-08,164.8000030517578,184641
2020-06-09,160.6999969482422,192858
2020-06-10,161.5,186968
2020-06-11,157.0,161527
2020-06-12,154.6999969482422,267095
2020-06-15,155.5,212564
2020-06-16,159.8000030517578,206416
2020-06-17,156.3000030517578,133303
2020-06-18,156.5,127687
2020-06-19,154.10000610351562,391271
2020-06-22,153.3000030517578,136967
2020-06-23,156.1999969482422,136351
2020-06-24,151.5,117121
2020-06-25,153.89999389648438,146428
2020-06-26,151.6999969482422,107127
2020-06-29,151.8000030517578,93493
2020-06-30,153.39999389648438,138702
2020-07-01,153.10000610351562,139498
2020-07-02,156.6999969482422,128670
2020-07-03,155.6999969482422,56705
2020-07-06,157.1999969482422,93871
2020-07-07,153.8000030517578,156263
2020-07-08,154.39999389648438,88908
2020-07-09,152.1999969482422,90344
2020-07-10,153.60000610351562,114879
2020-07-13,153.10000610351562,103777
2020-07-14,156.8000030517578,166047
2020-07-15,157.1999969482422,83654
2020-07-16,157.8000030517578,90402
2020-07-17,155.3000030517578,73655
2020-07-20,157.39999389648438,96336
2020-07-21,157.8000030517578,121976
2020-07-22,157.3000030517578,84424
2020-07-23,153.3000030517578,110931
2020-07-24,151.1999969482422,80659
2020-07-27,150.0,75421
2020-07-28,150.10000610351562,87825
2020-07-29,150.0,58755
2020-07-30,144.10000610351562,216030
2020-07-31,143.39999389648438,134378
2020-08-03,147.1999969482422,108627
2020-08-04,144.60000610351562,118416
2020-08-05,141.0,193366
2020-08-06,138.10000610351562,185850
2020-08-07,138.60000610351562,134946
2020-08-10,139.6999969482422,116778
2020-08-11,141.3000030517578,137245
2020-08-12,144.39999389648438,137419
2020-08-13,142.6999969482422,117296
2020-08-14,142.8000030517578,80196
2020-08-17,141.3000030517578,79649
2020-08-18,142.3000030517578,103893
2020-08-19,144.10000610351562,85942
2020-08-20,141.6999969482422,114177
2020-08-21,142.3000030517578,118792
2020-08-24,144.1999969482422,51648
2020-08-25,144.1999969482422,102236
2020-08-26,144.6999969482422,120781
2020-08-27,143.8000030517578,150738
2020-08-28,144.60000610351562,80419
2020-08-31,142.60000610351562,114121
2020-09-01,142.89999389648438,77424
2020-09-02,146.8000030517578,146966
2020-09-03,144.39999389648438,122884
2020-09-04,140.0,113818
2020-09-07,143.0,117044
2020-09-08,142.39999389648438,99900
2020-09-09,146.8000030517578,200038
2020-09-10,143.8000030517578,130915
2020-09-11,143.1999969482422,87716
2020-09-14,142.10000610351562,85709
2020-09-15,139.6999969482422,218525
2020-09-16,138.1999969482422,214227
2020-09-17,134.5,156938
2020-09-18,131.60000610351562,353653
2020-09-21,126.5999984741211,216062
2020-09-22,126.4000015258789,171217
2020-09-23,126.9000015258789,129967
2020-09-24,127.5,173023
2020-09-25,127.8000030517578,197486
2020-09-28,132.0,158728
2020-09-29,131.1999969482422,148340
2020-09-30,132.1999969482422,151934
2020-10-01,131.39999389648438,118449
2020-10-02,133.89999389648438,165155
2020-10-05,139.0,226886
2020-10-06,136.0,139896
2020-10-07,133.0,139547
2020-10-08,134.89999389648438,98369
2020-10-09,132.39999389648438,134545
2020-10-12,133.0,124898
2020-10-13,131.0,115347
2020-10-14,131.3000030517578,129992
2020-10-15,128.6999969482422,117022
2020-10-16,128.8000030517578,122862
2020-10-19,129.39999389648438,99473
2020-10-20,128.8000030517578,129305
2020-10-21,127.9000015258789,140840
2020-10-22,129.0,173043
2020-10-23,129.60000610351562,97701
2020-10-26,127.0,97563
2020-10-27,125.4000015258789,180168
2020-10-28,124.9000015258789,222664
2020-10-29,124.3000030517578,168750
2020-10-30,124.6999969482422,125822
2020-11-02,128.0,151682
2020-11-03,131.5,135155
2020-11-04,132.6999969482422,189635
2020-11-05,130.5,204857
2020-11-06,129.5,197997
2020-11-09,140.89999389648438,402994
2020-11-10,150.10000610351562,394587
2020-11-11,145.1999969482422,181488
2020-11-12,143.8000030517578,160756
2020-11-13,146.0,240860
2020-11-16,147.1999969482422,152602
2020-11-17,147.8000030517578,120620
2020-11-18,148.10000610351562,131163
2020-11-19,144.8000030517578,166911
2020-11-20,145.39999389648438,110507
2020-11-23,144.0,112279
2020-11-24,143.3000030517578,200365
2020-11-25,141.0,190651
2020-11-26,140.89999389648438,86756
2020-11-27,139.10000610351562,164990
2020-11-30,140.3000030517578,893655
2020-12-01,142.1999969482422,198114
2020-12-02,142.39999389648438,183958
2020-12-03,139.10000610351562,147198
2020-12-04,138.39999389648438,117728
2020-12-07,137.10000610351562,134911
2020-12-08,136.6999969482422,118258
2020-12-09,135.3000030517578,166219
2020-12-10,135.60000610351562,249798
2020-12-11,132.5,192284
2020-12-14,132.10000610351562,153103
2020-12-15,133.3000030517578,170620
2020-12-16,134.60000610351562,206157
2020-12-17,133.60000610351562,186850
2020-12-18,132.6999969482422,276269
2020-12-21,129.10000610351562,219482
2020-12-22,130.3000030517578,102936
2020-12-23,131.3000030517578,88717
2020-12-28,132.0,80988
2020-12-29,132.0,83620
2020-12-30,130.3000030517578,58143
2021-01-04,131.39999389648438,158575
2021-01-05,129.10000610351562,211845
2021-01-06,135.89999389648438,264223
2021-01-07,134.89999389648438,168656
2021-01-08,134.8000030517578,165574
2021-01-11,133.60000610351562,110250
2021-01-12,135.89999389648438,141911
2021-01-13,134.5,155959
2021-01-14,135.0,131547
2021-01-15,134.6999969482422,141052
2021-01-18,135.8000030517578,97461
2021-01-19,137.1999969482422,175519
2021-01-20,136.6999969482422,165991
2021-01-21,135.60000610351562,122508
2021-01-22,132.8000030517578,121124
2021-01-25,131.60000610351562,174798
2021-01-26,131.89999389648438,152179
2021-01-27,129.39999389648438,206212
2021-01-28,130.3000030517578,160119
2021-01-29,128.0,183794
2021-02-01,128.89999389648438,122476
2021-02-02,131.6999969482422,226305
2021-02-03,133.0,151745
2021-02-04,137.10000610351562,235028
2021-02-05,138.0,193188
2021-02-08,139.1999969482422,171941
2021-02-09,139.8000030517578,119847
2021-02-10,141.1999969482422,190111
2021-02-11,141.10000610351562,120998
2021-02-12,142.0,117795
2021-02-15,143.1999969482422,126694
2021-02-16,142.39999389648438,97938
2021-02-17,141.1999969482422,86655
2021-02-18,140.1999969482422,91692
2021-02-19,140.1999969482422,97911
2021-02-22,141.10000610351562,92429
2021-02-23,140.60000610351562,110503
2021-02-24,142.0,90902
2021-02-25,144.0,120771
2021-02-26,140.3000030517578,186353
2021-03-01,144.39999389648438,147320
2021-03-02,147.3000030517578,164400
2021-03-03,147.8000030517578,129607
2021-03-04,148.39999389648438,117831
2021-03-05,145.60000610351562,180161
2021-03-08,150.8000030517578,168223
2021-03-09,150.10000610351562,163276
2021-03-10,150.6999969482422,158197
2021-03-11,151.3000030517578,167328
2021-03-12,152.60000610351562,152496
2021-03-15,151.60000610351562,98902
2021-03-16,152.8000030517578,116514
2021-03-17,152.89999389648438,140216
2021-03-18,154.89999389648438,149693
2021-03-19,155.10000610351562,267434
2021-03-22,155.0,130170
2021-03-23,154.10000610351562,128859
2021-03-24,153.89999389648438,117927
2021-03-25,153.1999969482422,102366
2021-03-26,154.8000030517578,88886
2021-03-29,155.10000610351562,88265
2021-03-30,157.1999969482422,64282
2021-03-31,155.8000030517578,110466
2021-04-01,156.35000610351562,96798
2021-04-06,156.0,128410
2021-04-07,156.35000610351562,110385
2021-04-08,155.25,178666
2021-04-09,155.89999389648438,102462
2021-04-12,157.14999389648438,77200
2021-04-13,157.10000610351562,102006
2021-04-14,156.89999389648438,108086
2021-04-15,156.14999389648438,111186
2021-04-16,157.10000610351562,98169
2021-04-19,155.35000610351562,129283
2021-04-20,153.25,144554
2021-04-21,153.85000610351562,137456
2021-04-22,153.8000030517578,99113
2021-04-23,153.6999969482422,103355
2021-04-26,154.39999389648438,64924
2021-04-27,154.25,154338
2021-04-28,156.0,124112
2021-04-29,153.6999969482422,159066
2021-04-30,153.8000030517578,167343
2021-05-03,155.1999969482422,89092
2021-05-04,152.25,134621
2021-05-05,154.0,283937
2021-05-06,151.39999389648438,149007
2021-05-07,152.75,111081
2021-05-10,151.39999389648438,118733
2021-05-11,148.85000610351562,135130
2021-05-12,147.85000610351562,131791
2021-05-13,146.0,118740
2021-05-14,146.75,196996
2021-05-17,145.8000030517578,106898
2021-05-18,145.35000610351562,104238
2021-05-19,143.1999969482422,106012
2021-05-20,143.64999389648438,97220
2021-05-21,144.4499969482422,90735
2021-05-25,143.6999969482422,123740
2021-05-26,143.89999389648438,147310
2021-05-27,142.89999389648438,279039
2021-05-28,143.60000610351562,92626
2021-05-31,143.10000610351562,58913
2021-06-01,144.10000610351562,142361
2021-06-02,144.10000610351562,99992
2021-06-03,143.4499969482422,72621
2021-06-04,143.5,77975
2021-06-07,144.1999969482422,107358
2021-06-08,142.75,87105
2021-06-09,141.4499969482422,116483
2021-06-10,141.25,95936
2021-06-11,141.85000610351562,67288
2021-06-14,142.60000610351562,117693
2021-06-15,144.8000030517578,119699
2021-06-16,147.1999969482422,140737
2021-06-17,147.3000030517578,123523
2021-06-18,143.75,279503
2021-06-21,144.85000610351562,88933
2021-06-22,144.0500030517578,95505
2021-06-23,140.0,142527
2021-06-24,141.60000610351562,100229
2021-06-25,143.35000610351562,104455
2021-06-28,143.35000610351562,117712
2021-06-29,143.4499969482422,68329
2021-06-30,141.10000610351562,121466
2021-07-01,143.14999389648438,126269
2021-07-02,143.64999389648438,72300
2021-07-05,144.9499969482422,52312
2021-07-06,142.89999389648438,93670
2021-07-07,145.75,89708
2021-07-08,143.6999969482422,105559
2021-07-09,146.0,111638
2021-07-12,147.39999389648438,136226
2021-07-13,146.3000030517578,83990
2021-07-14,146.14999389648438,57019
2021-07-15,145.10000610351562,71973
2021-07-16,144.9499969482422,87107
2021-07-19,137.85000610351562,192735
2021-07-20,138.5,186638
2021-07-21,142.60000610351562,133964
2021-07-22,141.85000610351562,71400
2021-07-23,142.4499969482422,53596
2021-07-26,143.0500030517578,56084
2021-07-27,143.0500030517578,88644
2021-07-28,142.14999389648438,60623
2021-07-29,144.0,93938
2021-07-30,141.89999389648438,135300
2021-08-02,142.1999969482422,79485
2021-08-03,139.89999389648438,130022
2021-08-04,141.64999389648438,88396
2021-08-05,145.4499969482422,135420
2021-08-06,149.0,116907
2021-08-09,148.5500030517578,72569
2021-08-10,149.3000030517578,62511
2021-08-11,151.10000610351562,77941
2021-08-12,153.8000030517578,91560
2021-08-13,155.14999389648438,89422
2021-08-16,155.35000610351562,85771
2021-08-17,156.39999389648438,72767
2021-08-18,157.85000610351562,79246
2021-08-19,156.5500030517578,82799
2021-08-20,156.85000610351562,72663
2021-08-23,156.9499969482422,46014
2021-08-24,156.4499969482422,72348
2021-08-25,156.10000610351562,63975
2021-08-26,156.0,48467
2021-08-27,156.14999389648438,41153
2021-08-30,155.14999389648438,47041
2021-08-31,155.9499969482422,156194
2021-09-01,156.4499969482422,138662
2021-09-02,154.89999389648438,67368
2021-09-03,154.5500030517578,117759
2021-09-06,155.8000030517578,85423
2021-09-07,156.89999389648438,126538
2021-09-08,157.5,146735
2021-09-09,159.6999969482422,140689
2021-09-10,157.5,215038
2021-09-13,160.0500030517578,118869
2021-09-14,161.35000610351562,135264
2021-09-15,160.5500030517578,117817
2021-09-16,161.25,116860
2021-09-17,159.10000610351562,696968
2021-09-20,150.64999389648438,202336
2021-09-21,152.0,116800
2021-09-22,153.39999389648438,67140
2021-09-23,153.8000030517578,70082
2021-09-24,153.5500030517578,54989
2021-09-27,156.3000030517578,71853
2021-09-28,152.5500030517578,83036
2021-09-29,153.0,80102
2021-09-30,151.35000610351562,117812
2021-10-01,151.25,76554
2021-10-04,152.8000030517578,86335
2021-10-05,155.0500030517578,94263
2021-10-06,153.10000610351562,76634
2021-10-07,153.35000610351562,177301
2021-10-08,153.60000610351562,83378
2021-10-11,153.25,75891
2021-10-12,153.4499969482422,66124
2021-10-13,151.0,63478
2021-10-14,153.89999389648438,116731
2021-10-15,153.64999389648438,49818
2021-10-18,153.0,87898
2021-10-19,154.35000610351562,84935
2021-10-20,155.0500030517578,76936
2021-10-21,156.10000610351562,65040
2021-10-22,154.5,99844
2021-10-25,154.35000610351562,76506
2021-10-26,157.64999389648438,101819
2021-10-27,158.3000030517578,128406
2021-10-28,157.8000030517578,102687
2021-10-29,158.0,84846
2021-11-01,158.5500030517578,51085
2021-11-02,159.9499969482422,72690
2021-11-03,162.10000610351562,102751
2021-11-04,163.64999389648438,173889
2021-11-05,163.89999389648438,110842
2021-11-08,165.10000610351562,84021
2021-11-09,162.1999969482422,69912
2021-11-10,162.25,108223
2021-11-11,161.4499969482422,80043
2021-11-12,161.89999389648438,79798
2021-11-15,161.8000030517578,62551
2021-11-16,161.39999389648438,43442
2021-11-17,160.25,61267
2021-11-18,159.64999389648438,57506
2021-11-19,159.5500030517578,87614
2021-11-22,159.9499969482422,66912
2021-11-23,161.1999969482422,51651
2021-11-24,163.10000610351562,69119
2021-11-25,163.25,45666
2021-11-26,154.89999389648438,133436
2021-11-29,155.5,132045
2021-11-30,154.64999389648438,212734
2021-12-01,159.85000610351562,104817
2021-12-02,158.0,78026
2021-12-03,157.5,75783
2021-12-06,161.3000030517578,83854
2021-12-07,162.4499969482422,102426
2021-12-08,162.5500030517578,67888
2021-12-09,161.1999969482422,53974
2021-12-10,160.8000030517578,48480
2021-12-13,160.64999389648438,72673
2021-12-14,161.75,93365
2021-12-15,162.14999389648438,103746
2021-12-16,165.64999389648438,117236
2021-12-17,165.60000610351562,247830
2021-12-20,161.4499969482422,93611
2021-12-21,164.75,43233
2021-12-22,164.0500030517578,40481
2021-12-23,166.14999389648438,42820
2021-12-27,166.4499969482422,28082
2021-12-28,167.9499969482422,37931
2021-12-29,167.5500030517578,48414
2021-12-30,167.14999389648438,36061
2022-01-03,169.75,84067
2022-01-04,171.64999389648438,109000
2022-01-05,172.5500030517578,65145
2022-01-06,172.1999969482422,83249
2022-01-07,172.8000030517578,58243
2022-01-10,174.35000610351562,74179
2022-01-11,175.64999389648438,77512
2022-01-12,177.89999389648438,104533
2022-01-13,176.25,86071
2022-01-14,176.10000610351562,65300
2022-01-17,175.6999969482422,80626
2022-01-18,174.35000610351562,84571
2022-01-19,173.39999389648438,104028
2022-01-20,172.14999389648438,108969
2022-01-21,169.6999969482422,83869
2022-01-24,163.89999389648438,141075
2022-01-25,167.4499969482422,134122
2022-01-26,173.25,106212
2022-01-27,177.0500030517578,146769
2022-01-28,177.9499969482422,134784
2022-01-31,178.0,130484
2022-02-01,179.0,81795
2022-02-02,180.9499969482422,104235
2022-02-03,172.3000030517578,204457
2022-02-04,165.14999389648438,214666
2022-02-07,165.35000610351562,142691
2022-02-08,170.1999969482422,160762
2022-02-09,170.8000030517578,103442
2022-02-10,170.89999389648438,196277
2022-02-11,174.3000030517578,129283
2022-02-14,171.6999969482422,144467
2022-02-15,174.3000030517578,88216
2022-02-16,176.0500030517578,82997
2022-02-17,174.60000610351562,92678
2022-02-18,173.10000610351562,84821
2022-02-21,171.14999389648438,134979
2022-02-22,170.9499969482422,118639
2022-02-23,169.10000610351562,99083
2022-02-24,161.10000610351562,230351
2022-02-25,167.39999389648438,152379
2022-02-28,164.8000030517578,155740
2022-03-01,157.75,184702
2022-03-02,157.0500030517578,202302
2022-03-03,153.0,130326
2022-03-04,142.3000030517578,329056
2022-03-07,138.3000030517578,305121
2022-03-08,143.1999969482422,234822
2022-03-09,151.6999969482422,203035
2022-03-10,143.0500030517578,235432
2022-03-11,147.5,190049
2022-03-14,151.75,144222
2022-03-15,151.89999389648438,130368
2022-03-16,153.0,169277
2022-03-17,150.10000610351562,153688
2022-03-18,143.35000610351562,1377268
2022-03-21,149.10000610351562,244247
2022-03-22,152.14999389648438,203689
2022-03-23,150.9499969482422,135809
2022-03-24,150.60000610351562,118584
2022-03-25,150.6999969482422,101953
2022-03-28,150.8000030517578,127339
2022-03-29,154.8000030517578,99016
2022-03-30,153.6999969482422,142220
2022-03-31,154.35000610351562,158240
2022-04-01,152.35000610351562,90180
2022-04-04,150.14999389648438,83363
2022-04-05,150.0500030517578,153322
2022-04-06,148.60000610351562,193539
2022-04-07,145.89999389648438,138938
2022-04-08,150.85000610351562,109604
2022-04-11,150.5,104197
2022-04-12,149.89999389648438,103557
2022-04-13,145.89999389648438,119416
2022-04-14,147.10000610351562,180180
2022-04-19,144.39999389648438,148044
2022-04-20,148.8000030517578,192418
2022-04-21,150.4499969482422,152307
2022-04-22,146.8000030517578,165508
2022-04-25,145.0,176339
2022-04-26,146.39999389648438,157617
2022-04-27,146.89999389648438,166505
2022-04-28,150.89999389648438,211563
2022-04-29,148.89999389648438,148010
2022-05-02,145.85000610351562,171964
2022-05-03,146.8000030517578,139844
2022-05-04,147.85000610351562,186629
2022-05-05,137.5500030517578,236083
2022-05-06,138.5500030517578,170774
2022-05-09,137.1999969482422,103271
2022-05-10,140.60000610351562,157503
2022-05-11,144.14999389648438,141654
2022-05-12,144.25,124678
2022-05-13,144.35000610351562,167412
2022-05-16,145.0500030517578,114624
2022-05-17,146.6999969482422,98005
2022-05-18,144.75,69747
2022-05-19,143.4499969482422,106644
2022-05-20,139.0500030517578,408681
2022-05-23,141.14999389648438,140423
2022-05-24,138.75,81955
2022-05-25,139.6999969482422,92423
2022-05-26,141.0500030517578,56508
2022-05-27,143.8000030517578,97958
2022-05-30,144.4499969482422,94298
2022-05-31,142.39999389648438,274729
2022-06-01,138.5,133446
2022-06-02,139.5500030517578,99355
2022-06-03,143.3000030517578,195497
2022-06-06,144.25,64197
2022-06-07,144.85000610351562,94710
2022-06-08,141.60000610351562,86732
2022-06-09,142.5500030517578,110582
2022-06-10,137.1999969482422,132600
2022-06-13,138.25,155183
2022-06-14,139.25,160807
2022-06-15,143.14999389648438,223910
2022-06-16,140.3000030517578,181483
2022-06-17,137.39999389648438,427283
2022-06-20,139.60000610351562,83476
2022-06-21,137.85000610351562,118936
2022-06-22,135.85000610351562,81839
2022-06-23,131.35000610351562,172796
2022-06-24,136.85000610351562,132613
2022-06-27,136.39999389648438,95892
2022-06-28,137.5,136403
2022-06-29,137.0500030517578,66693
2022-06-30,138.5,140232
2022-07-01,140.14999389648438,121607
2022-07-04,142.8000030517578,112858
2022-07-05,131.8000030517578,313506
2022-07-06,134.9499969482422,169352
2022-07-07,140.0,133943
2022-07-08,139.0,121223
2022-07-11,136.4499969482422,103441
2022-07-12,137.39999389648438,141832
2022-07-13,136.75,122634
2022-07-14,133.3000030517578,119154
2022-07-15,136.9499969482422,142368
2022-07-18,138.8000030517578,158936
2022-07-19,140.60000610351562,117851
2022-07-20,137.75,103505
2022-07-21,136.35000610351562,114424
2022-07-22,138.3000030517578,85257
2022-07-25,137.5500030517578,95949
2022-07-26,137.64999389648438,69581
2022-07-27,137.39999389648438,66857
2022-07-28,135.9499969482422,116407
2022-07-29,138.3000030517578,157465
2022-08-01,138.5,114954
2022-08-02,138.8000030517578,94078
2022-08-03,141.60000610351562,135932
2022-08-04,144.6999969482422,155315
2022-08-05,143.75,146015
2022-08-08,144.85000610351562,72705
2022-08-09,147.39999389648438,112467
2022-08-10,146.1999969482422,107744
2022-08-11,147.5500030517578,84175
2022-08-12,150.39999389648438,129451
2022-08-15,151.0500030517578,132831
2022-08-16,151.25,127219
2022-08-17,147.60000610351562,100563
2022-08-18,148.75,59063
2022-08-19,147.64999389648438,100656
2022-08-22,146.3000030517578,83884
2022-08-23,146.14999389648438,80486
2022-08-24,146.75,79030
2022-08-25,149.0,98957
2022-08-26,146.10000610351562,98531
2022-08-29,145.35000610351562,66538
2022-08-30,145.4499969482422,67786
2022-08-31,146.89999389648438,150758
2022-09-01,147.4499969482422,107912
2022-09-02,152.85000610351562,150321
2022-09-05,150.89999389648438,100259
2022-09-06,151.89999389648438,84256
2022-09-07,152.8000030517578,126332
2022-09-08,155.9499969482422,162080
2022-09-09,158.10000610351562,153774
2022-09-12,162.64999389648438,130688
2022-09-13,163.3000030517578,177009
2022-09-14,160.0500030517578,147305
2022-09-15,161.5500030517578,101717
2022-09-16,160.5,210731
2022-09-19,160.1999969482422,74088
2022-09-20,156.4499969482422,130971
2022-09-21,159.5500030517578,141850
2022-09-22,156.64999389648438,198832
2022-09-23,154.64999389648438,154078
2022-09-26,151.39999389648438,131587
2022-09-27,150.10000610351562,105618
2022-09-28,148.5500030517578,150460
2022-09-29,153.0,145462
2022-09-30,154.1999969482422,214626
2022-10-03,153.8000030517578,104921
2022-10-04,158.64999389648438,125045
2022-10-05,159.5,74288
2022-10-06,156.25,93400
2022-10-07,154.5500030517578,75154
2022-10-10,153.0,104284
2022-10-11,152.3000030517578,97134
2022-10-12,153.8000030517578,243621
2022-10-13,152.85000610351562,324501
2022-10-14,154.6999969482422,122197
2022-10-17,155.25,103495
2022-10-18,154.9499969482422,93447
2022-10-19,156.0500030517578,82838
2022-10-20,154.5500030517578,105454
2022-10-21,158.8000030517578,261097
2022-10-24,160.6999969482422,105734
2022-10-25,160.5500030517578,81692
2022-10-26,164.85000610351562,147634
2022-10-27,165.25,105632
2022-10-28,165.5500030517578,134776
2022-10-31,164.8000030517578,73331
2022-11-01,165.1999969482422,68285
2022-11-02,165.60000610351562,83497
2022-11-03,165.85000610351562,156506
2022-11-04,164.25,180389
2022-11-07,164.89999389648438,87820
2022-11-08,168.8000030517578,103051
2022-11-09,170.39999389648438,103770
2022-11-10,172.60000610351562,193470
2022-11-11,173.6999969482422,174279
2022-11-14,173.75,159824
2022-11-15,174.75,122849
2022-11-16,176.1999969482422,152923
2022-11-17,177.10000610351562,88597
2022-11-18,177.75,183441
2022-11-21,178.75,98491
2022-11-22,178.60000610351562,198585
2022-11-23,179.1999969482422,104843
2022-11-24,179.89999389648438,65680
2022-11-25,180.1499938964844,71137
2022-11-28,178.89999389648438,107128
2022-11-29,181.1999969482422,108935
2022-11-30,181.6000061035156,306639
2022-12-01,183.6499938964844,122378
2022-12-02,182.8500061035156,105640
2022-12-05,183.0500030517578,73228
2022-12-06,185.3500061035156,133472
2022-12-07,184.8000030517578,101840
2022-12-08,185.6999969482422,118218
2022-12-09,187.4499969482422,87166
2022-12-12,186.3500061035156,90716
2022-12-13,186.3500061035156,116491
2022-12-14,187.0500030517578,97629
2022-12-15,183.5,137272
2022-12-16,181.8999938964844,259752
2022-12-19,182.6999969482422,81621
2022-12-20,182.8000030517578,104662
2022-12-21,185.6499938964844,107717
2022-12-22,185.8000030517578,108184
2022-12-23,185.6999969482422,74552
2022-12-27,187.6000061035156,51040
2022-12-28,186.3500061035156,65204
2022-12-29,186.8999938964844,48007
2022-12-30,185.5,50399
2023-01-02,183.6499938964844,81154
2023-01-03,186.4499969482422,103318
2023-01-04,192.6999969482422,117444
2023-01-05,190.0,85248
2023-01-06,189.9499969482422,71295
2023-01-09,189.1000061035156,110028
2023-01-10,185.8000030517578,127722
2023-01-11,182.1999969482422,188116
2023-01-12,182.0,206787
2023-01-13,184.6499938964844,205378
2023-01-16,181.3999938964844,122476
2023-01-17,183.3500061035156,114447
2023-01-18,186.8500061035156,196091
2023-01-19,187.8000030517578,124877
2023-01-20,188.6999969482422,85964
2023-01-23,185.0500030517578,109042
2023-01-24,188.0,81099
2023-01-25,189.1499938964844,79677
2023-01-26,189.3000030517578,95490
2023-01-27,187.75,122519
2023-01-30,187.8999938964844,104449
2023-01-31,186.1999969482422,98817
2023-02-01,176.85000610351562,457791
2023-02-02,178.4499969482422,297623
2023-02-03,179.89999389648438,162387
2023-02-06,179.0,144573
2023-02-07,181.25,149088
2023-02-08,181.75,203854
2023-02-09,178.6999969482422,173466
2023-02-10,177.9499969482422,96089
2023-02-13,180.3000030517578,77035
2023-02-14,179.3000030517578,69998
2023-02-15,180.0,88014
2023-02-16,181.25,108826
2023-02-17,181.9499969482422,84359
2023-02-20,181.9499969482422,71331
2023-02-21,181.6999969482422,65427
2023-02-22,182.3000030517578,103499
2023-02-23,182.3500061035156,127708
2023-02-24,182.3000030517578,291360
2023-02-27,183.0500030517578,81617
2023-02-28,183.6999969482422,200598
2023-03-01,183.8999938964844,110379
2023-03-02,184.25,99663
2023-03-03,181.6999969482422,84173
2023-03-06,182.3999938964844,105438
2023-03-07,182.3000030517578,110179
2023-03-08,182.3999938964844,95120
2023-03-09,176.1999969482422,284764
2023-03-10,174.0,156397
2023-03-13,168.0500030517578,190820
2023-03-14,167.85000610351562,189157
2023-03-15,163.35000610351562,232773
2023-03-16,166.1999969482422,214118
2023-03-17,162.64999389648438,344105
2023-03-20,168.35000610351562,174647
2023-03-21,171.64999389648438,132406
2023-03-22,171.10000610351562,113364
2023-03-23,170.10000610351562,99968
2023-03-24,171.5,162842
2023-03-27,175.5,183537
2023-03-28,175.60000610351562,134117
2023-03-29,176.89999389648438,96525
2023-03-30,177.75,142100
2023-03-31,180.3500061035156,212589
2023-04-03,176.14999389648438,106555
2023-04-04,178.35000610351562,86719
2023-04-05,179.64999389648438,96146
2023-04-06,182.8000030517578,101064
2023-04-11,182.3999938964844,99571
2023-04-12,183.8500061035156,130864
2023-04-13,183.1999969482422,95621
2023-04-14,184.3500061035156,96890
2023-04-17,179.60000610351562,151037
2023-04-18,181.8500061035156,138787
2023-04-19,184.3999938964844,82594
2023-04-20,187.3500061035156,127987
2023-04-21,187.75,141156
2023-04-24,190.4499969482422,129429
2023-04-25,190.8000030517578,87836
2023-04-26,190.1000061035156,90877
2023-04-27,189.75,94258
2023-04-28,193.6000061035156,193955
2023-05-02,189.8999938964844,131613
2023-05-03,192.1999969482422,132478
2023-05-04,186.8999938964844,179304
2023-05-05,187.3000030517578,113177
2023-05-08,189.9499969482422,72645
2023-05-09,192.1999969482422,179378
2023-05-10,189.4499969482422,133197
2023-05-11,190.25,106607
2023-05-12,190.8999938964844,171817
2023-05-15,190.5,78038
2023-05-16,190.3999938964844,104119
2023-05-17,191.3999938964844,84765
2023-05-18,192.1999969482422,59218
2023-05-19,196.5500030517578,132499
2023-05-22,195.6000061035156,118475
2023-05-23,197.6499938964844,109162
2023-05-24,196.1000061035156,128235
2023-05-25,196.8000030517578,86569
2023-05-26,199.4499969482422,112758
2023-05-29,199.9499969482422,50210
2023-05-30,201.0,91160
2023-05-31,200.1999969482422,360078
2023-06-01,205.3999938964844,269010
2023-06-02,205.1999969482422,171667
2023-06-05,202.1999969482422,138854
2023-06-06,200.5,145120
2023-06-07,193.4499969482422,174170
2023-06-08,193.1999969482422,106759
2023-06-09,189.3500061035156,176092
2023-06-12,191.1499938964844,102912
2023-06-13,190.8999938964844,103633
2023-06-14,191.25,117869
2023-06-15,190.6499938964844,93509
2023-06-16,190.8000030517578,346955
2023-06-19,189.5500030517578,74371
2023-06-20,191.3999938964844,110195
2023-06-21,190.8999938964844,91087
2023-06-22,191.0500030517578,103248
2023-06-23,190.3000030517578,103051
2023-06-26,190.3999938964844,77173
2023-06-27,191.5,108775
2023-06-28,191.8000030517578,70266
2023-06-29,191.75,65459
2023-06-30,194.3500061035156,145244
2023-07-03,194.75,80242
2023-07-04,193.3500061035156,51047
2023-07-05,192.3999938964844,103463
2023-07-06,186.6999969482422,114688
2023-07-07,187.25,83058
2023-07-10,186.5,71544
2023-07-11,186.3000030517578,69973
2023-07-12,188.8000030517578,88714
2023-07-13,190.6999969482422,61944
2023-07-14,189.8000030517578,70390
2023-07-17,191.1999969482422,48602
2023-07-18,192.5,52716
2023-07-19,191.25,50026
2023-07-20,192.9499969482422,86097
2023-07-21,195.1000061035156,99207
2023-07-24,195.5,68146
2023-07-25,196.6000061035156,64621
2023-07-26,195.5500030517578,102416
2023-07-27,197.1000061035156,121921
2023-07-28,197.6999969482422,91163
2023-07-31,194.1499938964844,97597
2023-08-01,195.1499938964844,81119
2023-08-02,192.5,74587
2023-08-03,191.3000030517578,89741
2023-08-04,192.1999969482422,57176
2023-08-07,193.1000061035156,56358
2023-08-08,191.8000030517578,94834
2023-08-09,194.3999938964844,153193
2023-08-10,202.3999938964844,242423
2023-08-11,196.6000061035156,110802
2023-08-14,199.3999938964844,65902
2023-08-15,197.8999938964844,43442
2023-08-16,198.0500030517578,54302
2023-08-17,197.75,82208
2023-08-18,194.75,96832
2023-08-21,194.1999969482422,68658
2023-08-22,192.8500061035156,102467
2023-08-23,193.8500061035156,62310
2023-08-24,196.3999938964844,63357
2023-08-25,196.0,64271
2023-08-28,196.5500030517578,37952
2023-08-29,195.6000061035156,98131
2023-08-30,196.1000061035156,58243
2023-08-31,196.25,170573
2023-09-01,196.1999969482422,62493
2023-09-04,194.6499938964844,31503
2023-09-05,197.1999969482422,79307
2023-09-06,198.0,78352
2023-09-07,201.1000061035156,102652
2023-09-08,202.1999969482422,110439
2023-09-11,206.1999969482422,107009
2023-09-12,208.8000030517578,103464
2023-09-13,208.3999938964844,111792
2023-09-14,212.6999969482422,194496
2023-09-15,213.0,275833
2023-09-18,212.6999969482422,73571
2023-09-19,213.5,70595
2023-09-20,211.8999938964844,157955
2023-09-21,213.8000030517578,132657
2023-09-22,212.8000030517578,84918
2023-09-25,211.8000030517578,74706
2023-09-26,212.3000030517578,73345
2023-09-27,208.5,102866
2023-09-28,209.0,114036
2023-09-29,207.8999938964844,166504
2023-10-02,205.6999969482422,80943
2023-10-03,205.8999938964844,80248
2023-10-04,205.8000030517578,82180
2023-10-05,206.6000061035156,54560
2023-10-06,208.8000030517578,86915
2023-10-09,206.8000030517578,87921
2023-10-10,207.5,86783
2023-10-11,207.5,116902
2023-10-12,209.6000061035156,87622
2023-10-13,208.0,96223
2023-10-16,206.1999969482422,94133
2023-10-17,207.1999969482422,62438
2023-10-18,209.5,73392
2023-10-19,210.8000030517578,122000
2023-10-20,204.8999938964844,193857
2023-10-23,205.1000061035156,74423
2023-10-24,206.8999938964844,74393
2023-10-25,211.3999938964844,79691
2023-10-26,209.1000061035156,70430
2023-10-27,206.1999969482422,140764
2023-10-30,207.8000030517578,62391
2023-10-31,208.3000030517578,108755
2023-11-01,214.6000061035156,129872
2023-11-02,211.1999969482422,144013
2023-11-03,206.6000061035156,236823
2023-11-06,205.0,113237
2023-11-07,204.6000061035156,82971
2023-11-08,206.3999938964844,120959
2023-11-09,201.6000061035156,265335
2023-11-10,202.1000061035156,160463
2023-11-13,205.6000061035156,88427
2023-11-14,204.8999938964844,99861
2023-11-15,203.5,103939
2023-11-16,204.5,101728
2023-11-17,208.8999938964844,150498
2023-11-20,212.1999969482422,102684
2023-11-21,217.0,130686
2023-11-22,217.0,111553
2023-11-23,217.3000030517578,75826
2023-11-24,217.0,115876
2023-11-27,219.1999969482422,96009
2023-11-28,218.3999938964844,79114
2023-11-29,217.5,93431
2023-11-30,219.0,541495
2023-12-01,219.0,110829
2023-12-04,220.6999969482422,75750
2023-12-05,221.1000061035156,87074
2023-12-06,218.3000030517578,148096
2023-12-07,219.3999938964844,95070
2023-12-08,218.6000061035156,119743
2023-12-11,220.3999938964844,107336
2023-12-12,225.1000061035156,128333
2023-12-13,228.8999938964844,131349
2023-12-14,215.8000030517578,316495
2023-12-15,214.3000030517578,330464
2023-12-18,215.0,78370
2023-12-19,215.6000061035156,108268
2023-12-20,216.5,83192
2023-12-21,216.1000061035156,78835
2023-12-22,217.1000061035156,62573
2023-12-27,216.1000061035156,43837
2023-12-28,215.1999969482422,45249
2023-12-29,216.3000030517578,54299
2024-01-02,216.6000061035156,80754
2024-01-03,219.3999938964844,89272
2024-01-04,222.3999938964844,80597
2024-01-05,222.6999969482422,78240
2024-01-08,225.1000061035156,72048
2024-01-09,223.0,84043
2024-01-10,222.8999938964844,68293
2024-01-11,219.8999938964844,95116
2024-01-12,223.1000061035156,74621
2024-01-15,224.3000030517578,40047
2024-01-16,223.1000061035156,60553
2024-01-17,225.1000061035156,70723
2024-01-18,225.8000030517578,80205
2024-01-19,224.8999938964844,127651
2024-01-22,228.6000061035156,63648
2024-01-23,225.0,90584
2024-01-24,227.1000061035156,69270
2024-01-25,223.1999969482422,91713
2024-01-26,222.6000061035156,79994
2024-01-29,224.3000030517578,86646
2024-01-30,221.6999969482422,112742
2024-01-31,222.1999969482422,126950
2024-02-01,220.6000061035156,125528
2024-02-02,221.3999938964844,91912
2024-02-05,226.1999969482422,93444
2024-02-06,226.6999969482422,109756
2024-02-07,230.6000061035156,160406
2024-02-08,229.3000030517578,124500
2024-02-09,227.0,86189
2024-02-12,230.0,50417
2024-02-13,232.6000061035156,84972
2024-02-14,231.3000030517578,77019
2024-02-15,230.8000030517578,88324
2024-02-16,228.8000030517578,116650
2024-02-19,227.8000030517578,49239
2024-02-20,231.6000061035156,87153
2024-02-21,231.3000030517578,75375
2024-02-22,234.1999969482422,92319
2024-02-23,236.1999969482422,113131
2024-02-26,235.8999938964844,62338
2024-02-27,233.0,90057
2024-02-28,234.6999969482422,74196
2024-02-29,237.3000030517578,196577
2024-03-01,236.8999938964844,93846
2024-03-04,236.8999938964844,51629
2024-03-05,239.3999938964844,59942
2024-03-06,239.3999938964844,114476
2024-03-07,242.3000030517578,95328
2024-03-08,239.5,88886
2024-03-11,239.8999938964844,63914
2024-03-12,241.8000030517578,136892
2024-03-13,240.0,80362
2024-03-14,240.5,112391
2024-03-15,244.6000061035156,348860
2024-03-18,244.3999938964844,167073
2024-03-19,255.6999969482422,252813
2024-03-20,253.6999969482422,119903
2024-03-21,249.8999938964844,157941
2024-03-22,247.1000061035156,185035
2024-03-25,247.5,121918
2024-03-26,250.3999938964844,84752
2024-03-27,253.3999938964844,75854
2024-03-28,253.6999969482422,129946
2024-04-02,251.1999969482422,108392
2024-04-03,246.8999938964844,87092
2024-04-04,242.8000030517578,108916
2024-04-05,239.6999969482422,126666
2024-04-08,238.0,75255
2024-04-09,231.3999938964844,135023
2024-04-10,234.1999969482422,115141
2024-04-11,230.6999969482422,112326
2024-04-12,230.6000061035156,106366
2024-04-15,233.1999969482422,78733
2024-04-16,229.8999938964844,76565
2024-04-17,228.6999969482422,90086
2024-04-18,229.6999969482422,81471
2024-04-19,230.0,119405
2024-04-22,231.0,86223
2024-04-23,235.1999969482422,129825
2024-04-24,232.1000061035156,115316
2024-04-25,227.6999969482422,136566
2024-04-26,230.3999938964844,92734
2024-04-29,232.5,99607
2024-04-30,232.3999938964844,117043
2024-05-02,231.6999969482422,111684
2024-05-03,229.3999938964844,101559
2024-05-06,232.8000030517578,87545
2024-05-07,229.6999969482422,128931
2024-05-08,231.1000061035156,107877
2024-05-09,233.3999938964844,76598
2024-05-10,237.3000030517578,169189
2024-05-13,235.3000030517578,107471
2024-05-14,227.0,252091
2024-05-15,224.8000030517578,192513
2024-05-16,227.5,193168
2024-05-17,225.8999938964844,185340
2024-05-20,224.0,106301
2024-05-21,227.1999969482422,134410
2024-05-22,228.1999969482422,114155
2024-05-23,226.1000061035156,93280
2024-05-24,227.0,77778
2024-05-27,226.8000030517578,48016
2024-05-28,223.0,101222
2024-05-29,224.0,84081
2024-05-30,225.0,121863
2024-05-31,228.1999969482422,295782
2024-06-03,232.8000030517578,154270
2024-06-04,229.3999938964844,125831
2024-06-05,231.5,83146
2024-06-06,234.8000030517578,74982
2024-06-07,234.5,83345
2024-06-10,232.8000030517578,85327
2024-06-11,231.8999938964844,87475
2024-06-12,234.1999969482422,98158
2024-06-13,230.5,98907
2024-06-14,226.6000061035156,84478
2024-06-17,229.6000061035156,107979
2024-06-18,232.8999938964844,76820
2024-06-19,233.8999938964844,48521
2024-06-20,234.3000030517578,88771
2024-06-21,235.8000030517578,337683
2024-06-24,237.1000061035156,73541
2024-06-25,236.6999969482422,93842
2024-06-26,234.8000030517578,64642
2024-06-27,235.3000030517578,47387
2024-06-28,236.6999969482422,132366
2024-07-01,240.8999938964844,75536
2024-07-02,232.6999969482422,199397
2024-07-03,230.5,131799
2024-07-04,234.0,67263
2024-07-05,232.6000061035156,70453
2024-07-08,239.6000061035156,91213
2024-07-09,238.1999969482422,73562
2024-07-10,238.3000030517578,68951
2024-07-11,238.6000061035156,87564
2024-07-12,239.3000030517578,96723
2024-07-15,239.3999938964844,53612
2024-07-16,233.8000030517578,131321
2024-07-17,233.1000061035156,96499
2024-07-18,233.6000061035156,55718
2024-07-19,227.0,120043
2024-07-22,230.1999969482422,97046
2024-07-23,230.3000030517578,54311
2024-07-24,229.5,71188
2024-07-25,228.3000030517578,91433
2024-07-26,230.1000061035156,77541
2024-07-29,227.8000030517578,50097
2024-07-30,230.8999938964844,64213
2024-07-31,229.6999969482422,90532
2024-08-01,222.1999969482422,90006
2024-08-02,219.1000061035156,116755
2024-08-05,213.6999969482422,158283
2024-08-06,212.1000061035156,111647
2024-08-07,214.3000030517578,77644
2024-08-08,215.3999938964844,104130
2024-08-09,216.1000061035156,73384
2024-08-12,227.3999938964844,169181
2024-08-13,231.1999969482422,134785
2024-08-14,236.5,98364
2024-08-15,242.6000061035156,125899
2024-08-16,245.3999938964844,179423
2024-08-19,247.3999938964844,107350
2024-08-20,247.8000030517578,63123
2024-08-21,247.1999969482422,120300
2024-08-22,250.8000030517578,70720
2024-08-23,254.3000030517578,109929
2024-08-26,255.3000030517578,67274
2024-08-27,255.3000030517578,64104
2024-08-28,257.79998779296875,80041
2024-08-29,255.3000030517578,90515
2024-08-30,256.29998779296875,147151
2024-09-02,258.0,55575
2024-09-03,260.3999938964844,82144
2024-09-04,259.70001220703125,96337
2024-09-05,256.8999938964844,75195
2024-09-06,252.0,90480
2024-09-09,253.6999969482422,63327
2024-09-10,254.1000061035156,62855
2024-09-11,252.0,83530
2024-09-12,252.8000030517578,83508
2024-09-13,254.6000061035156,73309
2024-09-16,256.20001220703125,56108
2024-09-17,252.0,68188
2024-09-18,250.8000030517578,73858
2024-09-19,252.3999938964844,89052
2024-09-20,252.1000061035156,181936
2024-09-23,252.1999969482422,79689
2024-09-24,253.1999969482422,63841
2024-09-25,252.5,52428
2024-09-26,253.5,75489
2024-09-27,254.6999969482422,81284
2024-09-30,256.1000061035156,98737
2024-10-01,253.3000030517578,67372
2024-10-02,251.6000061035156,73261
2024-10-03,248.1999969482422,74870
2024-10-04,250.6999969482422,94310
2024-10-07,244.1000061035156,114492
2024-10-08,247.5,111564
2024-10-09,250.6999969482422,90559
2024-10-10,258.0,163293
2024-10-11,261.0,128850
2024-10-14,261.1000061035156,57223
2024-10-15,263.5,115900
2024-10-16,258.6000061035156,92533
2024-10-17,255.3999938964844,82880
2024-10-18,257.70001220703125,87709
2024-10-21,253.1999969482422,61267
2024-10-22,249.3999938964844,120354
2024-10-23,247.8000030517578,63853
2024-10-24,247.3999938964844,85200
2024-10-25,245.3999938964844,65697
2024-10-28,247.3000030517578,49301
2024-10-29,244.6000061035156,74825
2024-10-30,242.1999969482422,96557
2024-10-31,241.5,112636
2024-11-01,239.5,96934
2024-11-04,238.0,73326
2024-11-05,239.1000061035156,66631
2024-11-06,238.3000030517578,73336
2024-11-07,239.1000061035156,111752
2024-11-08,238.6000061035156,128984
2024-11-11,245.8999938964844,164690
2024-11-12,240.5,146886
2024-11-13,241.5,109730
2024-11-14,241.1000061035156,109679
2024-11-15,241.1999969482422,111007
2024-11-18,240.0,83655
2024-11-19,238.5,118184
2024-11-20,239.5,82211
2024-11-21,245.6000061035156,109163
2024-11-22,247.1000061035156,110004
2024-11-25,249.8999938964844,438149
2024-11-26,247.5,97424
2024-11-27,246.6000061035156,76719
2024-11-28,245.8000030517578,40756
2024-11-29,247.1000061035156,90484
2024-12-02,253.0,124395
2024-12-03,252.0,79041
2024-12-04,254.3000030517578,60716
2024-12-05,257.29998779296875,122413
2024-12-06,256.20001220703125,91889
2024-12-09,253.8000030517578,78519
2024-12-10,253.6999969482422,104040
2024-12-11,253.1999969482422,65935
2024-12-12,251.8000030517578,72093
2024-12-13,255.6000061035156,91572
2024-12-16,253.6999969482422,81271
2024-12-17,251.0,94087
2024-12-18,247.1000061035156,140355
2024-12-19,246.8000030517578,111691
2024-12-20,244.3999938964844,168937
2024-12-23,244.6999969482422,55036
2024-12-27,243.8999938964844,83694
2024-12-30,241.3999938964844,68749
2025-01-02,247.1999969482422,84158
2025-01-03,250.6999969482422,94272
2025-01-06,250.6000061035156,80920
2025-01-07,254.0,90856
2025-01-08,255.1000061035156,77340
2025-01-09,254.6999969482422,102433
2025-01-10,250.8999938964844,139479
2025-01-13,247.6000061035156,89134
2025-01-14,246.8000030517578,64874
2025-01-15,247.3000030517578,111045
2025-01-16,253.5,127606
2025-01-17,254.3999938964844,97643
2025-01-20,255.1999969482422,73452
2025-01-21,253.6999969482422,87405
2025-01-22,260.29998779296875,116390
2025-01-23,261.5,83298
2025-01-24,257.79998779296875,88912
2025-01-27,261.3999938964844,103185
2025-01-28,261.6000061035156,54864
2025-01-29,259.8999938964844,58257
2025-01-30,258.79998779296875,71912
2025-01-31,254.3000030517578,95871
2025-02-03,254.1999969482422,86631
2025-02-04,257.3999938964844,83323
2025-02-05,258.20001220703125,65078
2025-02-06,253.3999938964844,186462
2025-02-07,252.8000030517578,149005
2025-02-10,253.3999938964844,73261
2025-02-11,254.1999969482422,73574
2025-02-12,254.8999938964844,99335
2025-02-13,257.1000061035156,161863
2025-02-14,250.3999938964844,109668
2025-02-17,254.8999938964844,78070
2025-02-18,257.0,84444
2025-02-19,248.1999969482422,107779
2025-02-20,245.3000030517578,108136
2025-02-21,246.3000030517578,110676
2025-02-24,248.6999969482422,75276
2025-02-25,247.1000061035156,83616
2025-02-26,253.8000030517578,100734
2025-02-27,255.1000061035156,74166
2025-02-28,256.29998779296875,161925
2025-03-03,264.79998779296875,158676
2025-03-04,262.3999938964844,111372
2025-03-05,267.20001220703125,136392
2025-03-06,266.3999938964844,181884
2025-03-07,266.5,125079
2025-03-10,267.0,163670
2025-03-11,267.79998779296875,135429
2025-03-12,272.1000061035156,160106
2025-03-13,274.0,182247
2025-03-14,273.5,196295
2025-03-17,273.1000061035156,169948
2025-03-18,275.0,99633
2025-03-19,271.6000061035156,112802
2025-03-20,271.29998779296875,179015
2025-03-21,271.6000061035156,191877
2025-03-24,273.5,130641
2025-03-25,275.6000061035156,91034
2025-03-26,277.1000061035156,81055
2025-03-27,277.79998779296875,126998
2025-03-28,277.1000061035156,65554
2025-03-31,274.70001220703125,136697
2025-04-01,278.79998779296875,112070
2025-04-02,279.1000061035156,75314
2025-04-03,279.79998779296875,130991
2025-04-04,265.6000061035156,327263
2025-04-07,245.6000061035156,373944
2025-04-08,257.3999938964844,182691
2025-04-09,253.6000061035156,183717
2025-04-10,262.0,187130
2025-04-11,262.6000061035156,125141
2025-04-14,270.6000061035156,116733
2025-04-15,275.6000061035156,112905
2025-04-16,277.0,85991
2025-04-17,278.0,125727
2025-04-22,280.6000061035156,89006
2025-04-23,282.3999938964844,125095
2025-04-24,280.0,88622
2025-04-25,280.79998779296875,92856
2025-04-28,274.3999938964844,136471
2025-04-29,278.79998779296875,107883
2025-04-30,282.3999938964844,138558
2025-05-02,283.20001220703125,170804
2025-05-05,290.6000061035156,80932
2025-05-06,287.6000061035156,131420
2025-05-07,288.0,145510
2025-05-08,280.0,166318
2025-05-09,281.3999938964844,150699
2025-05-12,279.0,171651
2025-05-13,266.6000061035156,231955
2025-05-14,270.0,142602
2025-05-15,276.0,126545
2025-05-16,277.79998779296875,152900
2025-05-19,279.0,61876
2025-05-20,278.6000061035156,105388
2025-05-21,280.3999938964844,80448
2025-05-22,281.0,70355
2025-05-23,277.3999938964844,114379
2025-05-26,279.79998779296875,51834
2025-05-27,279.6000061035156,57917
2025-05-28,277.3999938964844,51999
2025-05-29,277.20001220703125,30751
2025-05-30,278.3999938964844,268003
2025-06-02,281.3999938964844,80351
2025-06-03,280.79998779296875,90272
2025-06-04,280.20001220703125,81896
2025-06-05,279.3999938964844,48603
2025-06-06,284.20001220703125,86799
2025-06-09,281.6000061035156,43931
2025-06-10,275.79998779296875,89961
2025-06-11,273.79998779296875,76164
2025-06-12,270.20001220703125,72719
2025-06-13,268.6000061035156,79622
2025-06-16,270.3999938964844,58361
2025-06-17,267.79998779296875,67338
2025-06-18,267.20001220703125,54932
2025-06-19,266.6000061035156,52151
2025-06-20,268.20001220703125,258481
2025-06-23,267.0,84585
2025-06-24,266.79998779296875,86053
2025-06-25,266.20001220703125,75484
2025-06-26,264.20001220703125,82421
2025-06-27,267.6000061035156,64896
2025-06-30,267.20001220703125,75763
2025-07-01,266.6000061035156,86025
2025-07-02,263.79998779296875,115430
2025-07-03,266.20001220703125,75437
2025-07-04,266.20001220703125,57353
2025-07-07,268.6000061035156,47118
2025-07-08,268.0,60359
2025-07-09,268.3999938964844,69800
2025-07-10,265.79998779296875,72924
2025-07-11,264.79998779296875,77791
2025-07-14,263.3999938964844,78813
2025-07-15,262.3999938964844,64248
2025-07-16,264.3999938964844,69829
2025-07-17,265.20001220703125,73258
2025-07-18,265.79998779296875,68658
2025-07-21,267.20001220703125,93402
2025-07-22,267.20001220703125,70552
2025-07-23,269.6000061035156,135684
2025-07-24,269.79998779296875,97341
2025-07-25,266.79998779296875,58709
2025-07-28,265.6000061035156,59844
2025-07-29,268.0,63450
2025-07-30,265.3999938964844,65668
2025-07-31,266.3999938964844,69065
2025-08-01,261.3999938964844,104125
2025-08-04,267.0,63033
2025-08-05,269.6000061035156,78877
2025-08-06,272.20001220703125,89851
2025-08-07,277.0,130835
2025-08-08,266.0,167051
2025-08-11,265.6000061035156,121305
2025-08-12,256.3999938964844,234368
2025-08-13,257.3999938964844,100562
2025-08-14,255.1999969482422,108159
2025-08-15,256.0,102943
2025-08-18,251.6000061035156,180171
2025-08-19,253.0,97608
2025-08-20,254.8000030517578,102234
2025-08-21,256.0,77469
2025-08-22,252.6000061035156,62646
2025-08-25,251.8000030517578,50072
2025-08-26,250.0,159970
2025-08-27,250.6000061035156,69742
2025-08-28,250.0,56960
2025-08-29,248.8000030517578,85429
2025-09-01,247.3999938964844,45345
2025-09-02,244.6000061035156,121900
2025-09-03,244.3999938964844,82201
2025-09-04,246.6000061035156,68828
2025-09-05,244.3999938964844,81495
2025-09-08,244.0,83154
2025-09-09,244.0,96244
2025-09-10,243.0,97870
2025-09-11,241.1999969482422,77480
2025-09-12,249.8000030517578,161444
2025-09-15,248.0,85889
2025-09-16,241.1999969482422,95866
2025-09-17,243.8000030517578,97258
2025-09-18,245.1999969482422,77957
2025-09-19,245.6000061035156,191856
2025-09-22,245.0,74036
2025-09-23,245.1999969482422,87271
2025-09-24,245.8000030517578,104716
2025-09-25,249.1999969482422,146389
2025-09-26,254.3999938964844,176637
2025-09-29,254.3999938964844,73402
2025-09-30,256.6000061035156,111253
2025-10-01,256.6000061035156,117525
2025-10-02,257.6000061035156,91944
2025-10-03,257.0,83515
2025-10-06,265.20001220703125,133000
2025-10-07,266.20001220703125,92854
2025-10-08,268.79998779296875,94982
2025-10-09,263.0,142685
2025-10-10,261.3999938964844,98266
2025-10-13,260.0,108409
2025-10-14,261.6000061035156,97312
2025-10-15,259.0,79854
2025-10-16,253.1999969482422,280954
2025-10-17,250.1999969482422,120987
2025-10-20,253.3999938964844,98486
2025-10-21,254.8000030517578,109504
2025-10-22,257.3999938964844,141091
2025-10-23,255.3999938964844,65400
2025-10-24,255.8000030517578,86885
2025-10-27,255.8000030517578,77110
2025-10-28,252.1999969482422,98765
2025-10-29,251.8000030517578,98679
2025-10-30,252.1999969482422,86598
2025-10-31,247.3999938964844,109607
2025-11-03,247.0,102068
2025-11-04,248.1999969482422,101027
2025-11-05,253.0,101383
2025-11-06,249.8000030517578,88304
2025-11-07,248.6000061035156,79569
2025-11-10,257.3999938964844,181425
2025-11-11,259.6000061035156,108748
2025-11-12,258.0,71190
2025-11-13,261.0,77720
2025-11-14,259.0,136523
2025-11-17,257.20001220703125,85927
2025-11-18,255.1999969482422,101781
2025-11-19,252.3999938964844,109265
2025-11-20,254.6000061035156,82580
2025-11-21,254.6000061035156,115644
2025-11-24,255.0,318769
2025-11-25,258.3999938964844,86926
2025-11-26,257.6000061035156,56959
2025-11-27,258.79998779296875,49189
2025-11-28,259.3999938964844,65072
2025-12-01,257.0,76201
2025-12-02,256.3999938964844,63976
2025-12-03,251.3999938964844,100553
2025-12-04,254.3999938964844,104308
2025-12-05,252.6000061035156,107610
2025-12-08,250.8000030517578,102164
2025-12-09,253.3999938964844,64648
2025-12-10,256.3999938964844,151103
2025-12-11,258.0,67361
2025-12-12,260.20001220703125,101975
2025-12-15,261.79998779296875,78000
2025-12-16,261.20001220703125,64207
2025-12-17,259.6000061035156,93240
2025-12-18,260.79998779296875,90304
2025-12-19,263.20001220703125,207961
2025-12-22,265.3999938964844,58110
2025-12-23,266.79998779296875,47882
2025-12-29,266.6000061035156,82116
2025-12-30,266.20001220703125,62757
2026-01-02,256.79998779296875,176293
2026-01-05,257.0,208511
2026-01-06,250.3999938964844,146815
2026-01-07,247.8000030517578,357671
2026-01-08,250.1999969482422,150755
2026-01-09,247.1999969482422,206681
2026-01-12,246.6000061035156,184595
2026-01-13,242.0,163576
2026-01-14,244.6000061035156,181138
2026-01-15,243.8000030517578,124556
2026-01-16,244.6000061035156,102005
2026-01-19,244.0,93644
2026-01-20,242.3999938964844,160327
2026-01-21,236.8000030517578,190205
2026-01-22,235.3999938964844,258114
2026-01-23,234.3999938964844,153914
2026-01-26,237.0,123419
2026-01-27,236.8000030517578,129999
2026-01-28,236.1999969482422,102786
2026-01-29,237.8000030517578,107031
2026-01-30,238.8000030517578,152662
2026-02-02,244.1999969482422,184363
2026-02-03,242.8000030517578,131860
2026-02-04,247.8000030517578,224334
2026-02-05,248.1999969482422,154448
2026-02-06,248.3999938964844,82427
2026-02-09,245.0,116768
2026-02-10,242.1999969482422,146570
2026-02-11,243.8000030517578,127596
2026-02-12,250.1999969482422,212770
2026-02-13,246.6000061035156,110982
2026-02-16,245.8000030517578,86141
2026-02-17,247.8000030517578,161310
2026-02-18,245.1999969482422,147757
2026-02-19,249.0,111663
2026-02-20,251.1999969482422,123532
2026-02-23,249.1999969482422,110721
2026-02-24,252.6000061035156,134188
2026-02-25,253.0,88096
2026-02-26,254.3999938964844,123520
2026-02-27,257.79998779296875,168778
2026-03-02,256.20001220703125,167387
2026-03-03,247.1999969482422,191999
2026-03-04,251.3999938964844,121544
2026-03-05,252.0,124843
2026-03-06,248.8000030517578,161782
2026-03-09,246.3999938964844,113590
2026-03-10,248.3999938964844,134777
2026-03-11,247.3999938964844,145640
2026-03-12,258.3999938964844,222955
2026-03-13,261.20001220703125,198356
2026-03-16,263.20001220703125,176046
2026-03-17,273.79998779296875,339852
2026-03-18,267.3999938964844,178948
2026-03-19,264.6000061035156,180474
2026-03-20,260.0,280315
2026-03-23,255.6000061035156,233921
2026-03-24,255.3999938964844,129589
2026-03-25,257.6000061035156,138422
2026-03-26,256.3999938964844,112067
2026-03-27,257.79998779296875,110363
2026-03-30,265.6000061035156,133339
2026-03-31,267.79998779296875,234177
2026-04-01,266.6000061035156,202114
2026-04-02,269.79998779296875,133472
2026-04-07,272.0,184344
2026-04-08,272.0,170412
2026-04-09,276.79998779296875,147628
2026-04-10,272.79998779296875,131597
2026-04-13,273.79998779296875,140987
2026-04-14,272.20001220703125,188320
2026-04-15,274.6000061035156,138877
2026-04-16,275.0,113181
2026-04-17,275.6000061035156,202064
2026-04-20,277.6000061035156,129221
2026-04-21,278.20001220703125,84401
2026-04-22,276.79998779296875,176781
2026-04-23,274.79998779296875,140218
2026-04-24,272.0,97668
2026-04-27,265.0,205361
2026-04-28,265.6000061035156,97975
2026-04-29,256.20001220703125,236448
2026-04-30,257.6000061035156,222996
2026-05-04,255.6000061035156,144411
2026-05-05,255.6000061035156,233865
2026-05-06,260.3999938964844,230867
2026-05-07,247.6000061035156,324247
2026-05-08,244.6000061035156,229730
2026-05-11,238.1999969482422,380115
2026-05-12,235.1999969482422,311191
2026-05-13,235.0,223998
2026-05-14,236.0,183359
2026-05-15,237.3999938964844,198343
2026-05-18,242.0,192139
2026-05-19,247.8000030517578,195928
2026-05-20,247.6000061035156,132137
2026-05-21,243.6000061035156,205993
2026-05-22,241.3999938964844,171580
2026-05-25,244.1999969482422,56327
2026-05-26,242.0,93158
2026-05-27,240.1999969482422,125877
2026-05-28,234.8000030517578,193752
2026-05-29,232.3999938964844,500839
2026-06-01,227.3999938964844,236423
2026-06-02,225.1999969482422,172655
2026-06-03,224.3999938964844,154216
2026-06-04,225.0,209156
2026-06-05,227.1999969482422,0
2026-06-08,225.1999969482422,141062
2026-06-09,228.1999969482422,146813
2026-06-10,230.8000030517578,138944
2026-06-11,231.0,132812
2026-06-12,228.1999969482422,180402
2026-06-15,229.3999938964844,140389
2026-06-16,232.1999969482422,126538
2026-06-17,231.0,153812
2026-06-18,232.1999969482422,128903
2026-06-19,234.1999969482422,476027
2026-06-22,236.1999969482422,166323
2026-06-23,236.0,129033
2026-06-24,238.0,114115
2026-06-25,238.0,121132
2026-06-26,238.3999938964844,107742
2026-06-29,240.3999938964844,140152
2026-06-30,242.3999938964844,144876
2026-07-01,243.3999938964844,116131
2026-07-02,246.6000061035156,127321
2026-07-03,244.1999969482422,110639
2026-07-06,243.6000061035156,112696
2026-07-07,249.3999938964844,141858
2026-07-08,251.3999938964844,243333
2026-07-09,250.6000061035156,140610
2026-07-10,250.0,106708
2026-07-13,252.0,117891
2026-07-14,253.0,122202
2026-07-15,250.3999938964844,188600
2026-07-16,252.0,100224
2026-07-17,255.0,115371
2026-07-20,253.6000061035156,113747
2026-07-21,247.0,112572
2026-07-22,248.1999969482422,123554
2026-07-23,249.3999938964844,119582
2026-07-24,253.1999969482422,95953
2026-07-27,257.20001220703125,122876
2026-07-28,257.79998779296875,132624
2026-07-29,256.20001220703125,142984
2026-07-30,252.3999938964844,125142
2026-07-31,250.6000061035156,139751
2026-08-03,250.8000030517578,142750
2026-08-04,247.3999938964844,118416
2026-08-05,249.0,128561
2026-08-06,252.3999938964844,107201
2026-08-07,253.6000061035156,135966
2026-08-10,252.3999938964844,94056
2026-08-11,250.3999938964844,128122
2026-08-12,250.0,157042
2026-08-13,249.1999969482422,111468
2026-08-14,253.3999938964844,111162
2026-08-17,254.0,92720
2026-08-18,256.20001220703125,156835
2026-08-19,250.6000061035156,114551
2026-08-20,249.3999938964844,92125
2026-08-21,250.8000030517578,142345
2026-08-24,252.1999969482422,65254
2026-08-25,253.8000030517578,91951
2026-08-26,255.3999938964844,103284
2026-08-27,256.0,162067
2026-08-28,257.3999938964844,98464
2026-08-31,258.20001220703125,169167
2026-09-01,259.3999938964844,118075
2026-09-02,260.20001220703125,94152
2026-09-03,263.3999938964844,159748
2026-09-04,260.6000061035156,197454
2026-09-07,253.6000061035156,138579
2026-09-08,247.3999938964844,201311
2026-09-09,245.8000030517578,130094
2026-09-10,249.0,160395
2026-09-11,250.3999938964844,124250
2026-09-14,254.0,101786
2026-09-15,255.3999938964844,113587
2026-09-16,255.8000030517578,118437
2026-09-17,255.1999969482422,109825
2026-09-18,252.3999938964844,378043
2026-09-21,254.6000061035156,95139
2026-09-22,252.6000061035156,105577
2026-09-23,253.3999938964844,103097
2026-09-24,259.0,148686
2026-09-25,257.79998779296875,155342
2026-09-28,258.79998779296875,91016
2026-09-29,256.20001220703125,94430
2026-09-30,252.3999938964844,156648
2026-10-01,250.39999389648438,100122
